DhanSymbol,MasterSymbol
ARE&M,
ADANIENSOL,
FINCABLES,
DYCL,
SATIN,
RAMRAT,
KRBL,
MARKSANS,
GUJGASLTD,
BHARTIARTL,
OLECTRA,
SYRMA,
GABRIEL,
GENESYS,
SIRCA,
HARSHA,
INDIGO,
SUVEN,
TVSELECT,
DREDGECORP,
APOLLO,
VAIBHAVGBL,
POONAWALLA,
RKFORGE,
SPANDANA,
LT,
FORCEMOT,
LINCOLN,
ASTRAMICRO,
NTPC,
NEWGEN,
JBMA,
GNFC,
GOKEX,
IIFL,
GODFRYPHLP,
MANINDS,
GENUSPOWER,
KANSAINER,
GOLDIAM,
ICIL,
FIVESTAR,
KAYNES,
GREAVESCOT,
SWSOLAR,
KRISHANA,
VIMTALABS,
KEC,
MARINE,
M&MFIN,
KEI,
HEG,
GPIL,
IRCTC,
SKYGOLD,
TALBROAUTO,
NAUKRI,
GESHIP,
LTFOODS,
AARTIPHARM,
HBLENGINE,
TANLA,
JASH,
LUMAXTECH,
SIYSIL,
HUBTOWN,
REDINGTON,
PGIL,
VIYASH,
FSL,
ASTRAL,
JKTYRE,
V2RETAIL,
SPARC,
KPRMILL,
MOTILALOFS,
CSBBANK,
POWERGRID,
AVALON,
RELIGARE,
ADANIPORTS,
INDHOTEL,
JYOTHYLAB,
TARIL,
KIRLPNU,
INDIANHUME,
TITAGARH,
PRINCEPIPE,
TATAINVEST,
APOLLOTYRE,
IONEXCHANG,
ITI,
GVT&D,
20MICRONS,
THYROCARE,
PARAGMILK,
BLS,
ADANIPOWER,
PREMEXPLN,
NETWEB,
ZYDUSWELL,
POKARNA,
SHILPAMED,
SARDAEN,
REFEX,
DLINKINDIA,
JSWENERGY,
JUBLFOOD,
SPAL,
AEROFLEX,
SANDUMA,
KARURVYSYA,
DIACABS,
RRKABEL,
GNA,
EMSLIMITED,
ZAGGLE,
NUVAMA,
SIGNATURE,
ENDURANCE,
CUMMINSIND,
JSWINFRA,
TCIEXP,
BLISSGVS,
ARVIND,
BOROLTD,
BAJAJCON,
PRICOLLTD,
TRENT,
HONASA,
LIBERTSHOE,
ASKAUTOLTD,
WABAG,
JWL,
ASHAPURMIN,
CGCL,
COALINDIA,
NACLIND,
INOXINDIA,
VTL,
MOIL,
MUTHOOTMF,
AZAD,
KIRLOSENG,
MANGLMCEM,
TEJASNET,
JYOTICNC,
BDL,
OPTIEMUS,
SIS,
COCHINSHIP,
CAPACITE,
EPACK,
RPTECH,
HAL,
AIIL,
ASIANPAINT,
BALUFORGE,
JNKINDIA,
AADHARHFC,
SANDHAR,
RELAXO,
RAILTEL,
AGIIL,
MIDHANI,
CEIGALL,
ONWARDTEC,
FIRSTCRY,
MANCREDIT,
PREMIERENE,
EUREKAFORB,
TDPOWERSYS,
PANAMAPET,
NORTHARC,
SHAKTIPUMP,
TRITURBINE,
INDOTHAI,
HYUNDAI,
MINDACORP,
WAAREEENER,
AFCONS,
AVL,
POLYPLEX,
PRAJIND,
ACMESOLAR,
SWIGGY,
PRECWIRE,
EIEL,
GICRE,
RALLIS,
RAYMOND,
TRANSRAILL,
CEWATER,
SENORES,
SETL,
QUADFUTURE,
DENTA,
MOSCHIP,
PROTEAN,
BAJAJINDEF,
JINDALSAW,
SCI,
CMRGREEN,
SCHNEIDER,
BORORENEW,
SIEMENS,
TEMBO,
SUBROS,
SUNDRMFAST,
SUPREMEIND,
SURYAROSNI,
TATAPOWER,
BBOX,
ADANIGREEN,
NAM-INDIA,
VSTIND,
WALCHANNAG,
BEL,
SOMANYCERA,
GREENPLY,
BERGEPAINT,
PANACEABIO,
BHEL,
CREDITACC,
RAMCOIND,
HERITGFOOD,
SBCL,
SKMEGGPROD,
CONCOR,
HAPPSTMNDS,
INDSWFTLAB,
FDC,
ENGINERSIN,
MAZDOCK,
ETERNAL,
KPIGREEN,
GMDCLTD,
PDSL,
CARTRADE,
APTUS,
GRSE,
CUB,
SANSERA,
PARAS,
GRAPHITE,
ABSLAMC,
NYKAA,
JINDALSTEL,
STEELCAS,
LATENTVIEW,
GREENLAM,
GOCOLORS,
BSOFT,
STARHEALTH,
DATAPATTNS,
SUPRIYA,
ZENTEC,
WAAREERTL,
OSWALPUMPS,
BELRISE,
ATHERENERG,
HDBFS,
CRIZAC,
EBGNG,
SHANTIGOLD,
JSLL,
RAYMONDREL,
SHRINGARMS,
JAINREC,
EPACKPEB,
TATACAP,
PACEDIGITK,
SHREEJISPG,
LENSKART,
EMMVEE,
TMCV,
GROWW,
CAPILLARY,
TENNIND,
CGPOWER,
CLEANMAX,
AEQUS,
PARKHOSPS,
SEDEMAC,
SHADOWFAX,
CMPDI,
DECNGOLD,
SEIL,
TIMEX,
KISSHT,
RAMCOSYS,
GVPIL,
AVANTIFEED,
KTKBANK,
NLCINDIA,
SHAILY,
CHOICEIN,
E2E,
HARIOMPIPE,
PIXTRANS,
MSTCLTD,
CAMPUS,
ELGIEQUIP,
PNCINFRA,
SKIPPER,
RVNL,
POLYCAB,
VENUSPIPES,
DELHIVERY,
HIKAL,
EMUDHRA,
EPL,
AETHER,
EVERESTIND,
